field,reason
unit price,"OFFER attribute — belongs to the Quote record, not the item"
case price,"OFFER attribute — belongs to the Quote record, not the item"
MOQ,"OFFER attribute — belongs to the Quote record, not the item"
lead time,"OFFER attribute — belongs to the Quote record, not the item"
incoterm,"OFFER attribute — belongs to the Quote record, not the item"
vendor,"OFFER attribute — belongs to the Quote record, not the item"
manufacturer,"OFFER attribute — belongs to the Quote record, not the item"
country of origin,"OFFER attribute — belongs to the Quote record, not the item"
case pack quantity,"OFFER attribute — belongs to the Quote record, not the item"
case dimensions,"OFFER attribute — belongs to the Quote record, not the item"
CBM,"OFFER attribute — belongs to the Quote record, not the item"
Ti,"OFFER attribute — belongs to the Quote record, not the item"
Hi,"OFFER attribute — belongs to the Quote record, not the item"
cases per pallet,"OFFER attribute — belongs to the Quote record, not the item"
gross case weight,"OFFER attribute — belongs to the Quote record, not the item"
mold cost,"OFFER attribute — belongs to the Quote record, not the item"
date received,"OFFER attribute — belongs to the Quote record, not the item"
target price,"OFFER attribute — belongs to the Quote record, not the item"
deal / customer covered,"OFFER attribute — belongs to the Quote record, not the item"
